time(ms),Red,IR
42.3575,3297.4375,7653.5625
50.17,3298.625,7656.375
57.9825,3299.0,7662.5
65.795,3299.625,7668.0
73.6075,3299.875,7671.75
81.42,3300.9375,7679.625
89.2325,3302.125,7682.625
97.045,3304.5,7687.5
104.8575,3305.0,7693.75
112.67,3306.0,7700.0625
120.4825,3308.4375,7706.0625
128.295,3310.1875,7714.4375
136.1075,3313.3125,7720.5
143.92,3312.1875,7723.625
151.7325,3314.3125,7728.25
159.545,3314.0625,7727.25
167.3575,3311.625,7719.9375
175.17,3306.0625,7702.125
182.9825,3298.3125,7670.4375
190.795,3288.4375,7629.9375
198.6075,3277.375,7577.625
206.42,3264.8125,7522.1875
214.2325,3250.9375,7467.9375
222.045,3237.25,7414.5
229.8575,3227.8125,7366.0
237.67,3217.625,7320.4375
245.4825,3208.5,7284.8125
253.295,3202.5,7253.4375
261.1075,3197.1875,7229.5
268.92,3191.75,7207.3125
276.7325,3189.0625,7191.75
284.545,3187.3125,7177.4375
292.3575,3186.9375,7170.8125
300.17,3185.875,7160.3125
307.9825,3185.0625,7158.875
315.795,3185.0,7153.875
323.6075,3184.625,7152.9375
331.42,3183.75,7150.625
339.2325,3185.25,7152.25
347.045,3185.3125,7153.6875
354.8575,3184.3125,7151.9375
362.67,3187.375,7156.5
370.4825,3187.3125,7158.875
378.295,3187.75,7160.6875
386.1075,3188.5625,7163.875
393.92,3190.6875,7167.8125
401.7325,3190.5,7169.9375
409.545,3191.25,7175.125
417.3575,3193.4375,7180.5
425.17,3194.9375,7188.625
432.9825,3197.5,7196.5
440.795,3200.75,7206.4375
448.6075,3202.75,7218.5
456.42,3207.1875,7234.25
464.2325,3209.25,7249.3125
472.045,3212.75,7264.125
479.8575,3216.6875,7281.1875
487.67,3220.375,7295.125
495.4825,3224.1875,7307.875
503.295,3225.0625,7316.3125
511.1075,3228.6875,7327.9375
518.92,3230.125,7333.625
526.7325,3231.1875,7338.5
534.545,3232.1875,7345.25
542.3575,3232.1875,7344.625
550.17,3233.0,7349.375
557.9825,3233.25,7349.5625
565.795,3232.0625,7350.0
573.6075,3231.8125,7351.25
581.42,3234.375,7351.5
589.2325,3233.75,7353.875
597.045,3233.4375,7353.1875
604.8575,3234.3125,7358.125
612.67,3234.875,7358.375
620.4825,3235.875,7362.4375
628.295,3238.3125,7365.875
636.1075,3237.5,7370.125
643.92,3239.4375,7375.375
651.7325,3239.0,7381.0625
659.545,3242.0,7386.4375
667.3575,3244.0,7394.125
675.17,3244.25,7401.6875
682.9825,3246.4375,7408.375
690.795,3248.6875,7415.625
698.6075,3249.9375,7425.875
706.42,3252.125,7433.25
714.2325,3254.75,7440.5
722.045,3255.75,7452.0
729.8575,3258.0625,7459.1875
737.67,3260.4375,7468.25
745.4825,3262.8125,7477.5625
753.295,3266.1875,7484.9375
761.1075,3266.0625,7493.6875
768.92,3267.8125,7500.4375
776.7325,3271.6875,7510.75
784.545,3272.8125,7518.875
792.3575,3272.4375,7526.1875
800.17,3275.5,7534.6875
807.9825,3276.6875,7540.625
815.795,3279.3125,7547.0625
823.6075,3280.125,7555.9375
831.42,3282.5,7561.8125
839.2325,3284.3125,7570.5625
847.045,3286.625,7573.375
854.8575,3286.5,7583.5
862.67,3287.9375,7587.625
870.4825,3289.625,7597.0625
878.295,3291.6875,7602.9375
886.1075,3292.0625,7608.0
893.92,3293.8125,7613.1875
901.7325,3294.25,7616.5
909.545,3296.1875,7626.25
917.3575,3297.6875,7632.1875
925.17,3299.1875,7636.0625
932.9825,3301.25,7642.9375
940.795,3300.375,7649.0
948.6075,3302.6875,7655.9375
956.42,3304.9375,7659.0625
964.2325,3304.875,7665.625
972.045,3306.8125,7671.3125
979.8575,3307.1875,7677.6875
987.67,3309.0625,7682.6875
995.4825,3312.0,7688.0625
1003.295,3311.6875,7692.75
1011.1075,3314.9375,7698.0625
1018.92,3313.9375,7703.375
1026.7325,3314.75,7707.875
1034.545,3317.125,7712.6875
1042.3575,3318.3125,7717.9375
1050.17,3318.4375,7722.4375
1057.9825,3319.375,7724.375
1065.795,3319.9375,7730.875
1073.6075,3322.75,7738.4375
1081.42,3323.25,7741.5625
1089.2325,3323.8125,7748.3125
1097.045,3326.9375,7752.875
1104.8575,3327.4375,7759.75
1112.67,3329.25,7766.875
1120.4825,3330.4375,7772.3125
1128.295,3331.4375,7780.75
1136.1075,3332.3125,7784.8125
1143.92,3336.125,7789.8125
1151.7325,3333.6875,7787.625
1159.545,3329.0625,7778.3125
1167.3575,3324.625,7755.625
1175.17,3315.375,7719.0
1182.9825,3304.1875,7671.5
1190.795,3291.125,7618.1875
1198.6075,3277.375,7558.4375
1206.42,3264.5625,7499.6875
1214.2325,3251.125,7442.4375
1222.045,3238.1875,7391.1875
1229.8575,3227.375,7345.375
1237.67,3218.5,7306.0625
1245.4825,3213.8125,7271.625
1253.295,3206.6875,7245.625
1261.1075,3201.5,7222.4375
1268.92,3199.3125,7204.0
1276.7325,3195.6875,7192.4375
1284.545,3194.3125,7181.9375
1292.3575,3194.8125,7174.6875
1300.17,3192.75,7169.875
1307.9825,3193.25,7164.75
1315.795,3191.8125,7166.125
1323.6075,3193.1875,7163.0
1331.42,3192.0625,7163.0625
1339.2325,3194.6875,7164.25
1347.045,3193.875,7163.5
1354.8575,3194.375,7166.3125
1362.67,3195.6875,7168.125
1370.4825,3196.5,7169.625
1378.295,3196.8125,7174.75
1386.1075,3197.9375,7176.0
1393.92,3198.3125,7182.75
1401.7325,3200.4375,7186.1875
1409.545,3202.3125,7189.5
1417.3575,3202.375,7198.9375
1425.17,3203.5625,7206.375
1432.9825,3207.75,7214.3125
1440.795,3211.3125,7230.5
1448.6075,3215.0,7244.4375
1456.42,3219.5625,7259.1875
1464.2325,3223.875,7272.875
1472.045,3226.0625,7291.3125
1479.8575,3231.1875,7304.9375
1487.67,3234.25,7318.9375
1495.4825,3234.875,7331.3125
1503.295,3239.3125,7344.8125
1511.1075,3239.75,7351.5
1518.92,3242.625,7359.0625
1526.7325,3243.625,7365.1875
1534.545,3243.8125,7368.4375
1542.3575,3245.3125,7371.25
1550.17,3244.4375,7373.8125
1557.9825,3245.125,7373.0
1565.795,3243.625,7377.1875
1573.6075,3244.8125,7375.75
1581.42,3244.875,7374.9375
1589.2325,3246.0625,7378.6875
1597.045,3244.75,7380.4375
1604.8575,3246.5,7383.4375
1612.67,3245.5,7387.875
1620.4825,3246.375,7390.5
1628.295,3248.625,7392.1875
1636.1075,3250.0,7398.25
1643.92,3251.125,7405.375
1651.7325,3250.6875,7410.25
1659.545,3254.8125,7416.0
1667.3575,3254.9375,7422.75
1675.17,3258.1875,7428.5625
1682.9825,3260.0,7439.625
1690.795,3260.75,7442.75
1698.6075,3260.6875,7454.6875
1706.42,3265.75,7459.75
1714.2325,3264.875,7471.0625
1722.045,3270.0,7477.1875
1729.8575,3271.625,7487.875
1737.67,3272.9375,7497.375
1745.4825,3274.5,7506.875
1753.295,3277.0,7513.375
1761.1075,3277.5,7522.625
1768.92,3282.5,7531.125
1776.7325,3280.9375,7539.8125
1784.545,3283.5625,7547.625
1792.3575,3287.125,7556.75
1800.17,3287.4375,7563.875
1807.9825,3288.125,7572.75
1815.795,3291.875,7579.375
1823.6075,3291.875,7584.75
1831.42,3294.875,7593.8125
1839.2325,3295.5,7600.0625
1847.045,3297.0,7606.75
1854.8575,3297.875,7615.375
1862.67,3300.0,7618.5
1870.4825,3301.625,7625.3125
1878.295,3302.0625,7632.6875
1886.1075,3303.3125,7640.1875
1893.92,3306.875,7645.375
1901.7325,3306.75,7652.125
1909.545,3309.125,7657.5
1917.3575,3309.6875,7663.8125
1925.17,3311.375,7669.0625
1932.9825,3312.625,7676.9375
1940.795,3311.8125,7679.9375
1948.6075,3316.25,7688.875
1956.42,3315.625,7694.25
1964.2325,3316.6875,7698.3125
1972.045,3320.625,7704.875
1979.8575,3320.5625,7709.625
1987.67,3321.6875,7719.25
1995.4825,3323.375,7720.6875
2003.295,3325.3125,7729.5625
2011.1075,3325.625,7734.875
2018.92,3329.375,7739.75
2026.7325,3329.8125,7747.0
2034.545,3329.875,7751.0625
2042.3575,3330.625,7757.5625
2050.17,3330.5625,7762.25
2057.9825,3331.6875,7766.125
2065.795,3335.0625,7769.0
2073.6075,3335.3125,7776.125
2081.42,3335.625,7781.1875
2089.2325,3337.9375,7786.5
2097.045,3338.0,7790.5625
2104.8575,3338.8125,7794.0
2112.67,3339.8125,7800.25
2120.4825,3342.0,7808.9375
2128.295,3345.4375,7815.3125
2136.1075,3345.0625,7819.4375
2143.92,3345.9375,7826.8125
2151.7325,3348.5,7832.625
2159.545,3350.4375,7838.25
2167.3575,3350.5,7838.875
2175.17,3347.75,7836.25
2182.9825,3345.0,7822.0
2190.795,3337.625,7797.1875
2198.6075,3327.8125,7755.75
2206.42,3316.4375,7708.1875
2214.2325,3302.4375,7649.5625
2222.045,3289.125,7590.75
2229.8575,3273.875,7530.3125
2237.67,3260.9375,7478.1875
2245.4825,3248.875,7424.1875
2253.295,3239.75,7379.6875
2261.1075,3230.0,7338.5625
2268.92,3224.75,7308.4375
2276.7325,3217.8125,7282.5625
2284.545,3212.375,7260.625
2292.3575,3211.4375,7244.1875
2300.17,3208.125,7230.75
2307.9825,3207.25,7223.3125
2315.795,3205.5,7216.125
2323.6075,3205.0,7212.875
2331.42,3204.25,7209.5
2339.2325,3204.625,7209.5
2347.045,3206.3125,7205.875
2354.8575,3206.5625,7209.25
2362.67,3206.3125,7207.8125
2370.4825,3208.4375,7211.1875
2378.295,3207.3125,7213.625
2386.1075,3208.5,7214.6875
2393.92,3211.25,7220.375
2401.7325,3210.25,7223.9375
2409.545,3209.75,7227.3125
2417.3575,3213.8125,7232.8125
2425.17,3214.6875,7236.0625
2432.9825,3216.75,7245.3125
2440.795,3217.1875,7251.75
2448.6075,3220.4375,7263.9375
2456.42,3223.8125,7274.1875
2464.2325,3224.9375,7288.0
2472.045,3231.5625,7306.25
2479.8575,3233.3125,7320.4375
2487.67,3237.375,7335.5625
2495.4825,3242.0,7350.875
2503.295,3245.0625,7364.9375
2511.1075,3246.875,7379.25
2518.92,3250.0,7388.9375
2526.7325,3252.125,7395.5625
2534.545,3254.1875,7404.4375
2542.3575,3255.8125,7409.8125
2550.17,3254.6875,7413.8125
2557.9825,3257.0625,7418.0625
2565.795,3256.4375,7420.375
2573.6075,3256.375,7421.5625
2581.42,3257.3125,7421.0
2589.2325,3258.5625,7422.625
2597.045,3258.75,7424.0
2604.8575,3258.375,7424.0625
2612.67,3256.0,7424.1875
2620.4825,3257.4375,7427.1875
2628.295,3257.1875,7428.1875
2636.1075,3260.8125,7431.625
2643.92,3259.875,7437.1875
2651.7325,3259.8125,7440.8125
2659.545,3262.1875,7447.4375
2667.3575,3263.25,7451.375
2675.17,3264.4375,7458.6875
2682.9825,3267.1875,7464.5625
2690.795,3268.1875,7470.75
2698.616636,3270.0625,7478.75
2706.438112,3271.0625,7485.0
2714.259588,3272.75,7493.625
2722.081064,3275.3125,7502.3125
2729.90254,3275.1875,7510.125
2737.724016,3279.4375,7518.6875
2745.545492,3279.375,7526.8125
2753.366968,3284.75,7534.875
2761.188444,3284.0625,7542.875
2769.00992,3284.25,7549.375
2776.831396,3286.8125,7559.75
2784.652872,3289.9375,7569.0
2792.474348,3291.0625,7578.0
2800.295824,3293.0,7587.0
2808.1173,3296.625,7591.375
2815.938776,3297.1875,7601.0625
2823.760252,3297.625,7607.875
2831.581728,3298.625,7616.125
2839.403204,3302.875,7624.5625
2847.22468,3303.75,7629.4375
2855.046156,3304.4375,7636.25
2862.867632,3305.8125,7642.25
2870.689108,3306.3125,7650.0
2878.510584,3309.375,7657.4375
2886.33206,3309.1875,7663.625
2894.153536,3311.875,7669.875
2901.975012,3313.625,7677.0
2909.796488,3314.875,7683.6875
2917.617964,3315.1875,7689.6875
2925.43944,3316.75,7693.9375
2933.260916,3319.125,7701.5625
2941.082392,3321.6875,7705.3125
2948.903868,3321.625,7712.125
2956.725344,3322.0625,7717.875
2964.54682,3323.5625,7724.375
2972.368296,3323.625,7729.0625
2980.189772,3326.3125,7735.1875
2988.011248,3325.8125,7740.625
2995.832724,3329.375,7748.0
3003.6542,3328.375,7751.25
3011.475676,3331.5,7756.8125
3019.297152,3332.0625,7763.6875
3027.118628,3333.9375,7767.5625
3034.940104,3334.1875,7773.5625
3042.76158,3336.0625,7776.3125
3050.583056,3337.25,7780.875
3058.404532,3338.8125,7788.4375
3066.226008,3340.3125,7794.25
3074.047484,3339.0625,7798.75
3081.86896,3340.0625,7802.625
3089.690436,3343.5,7807.0625
3097.511912,3344.25,7812.4375
3105.333388,3343.125,7815.5625
3113.154864,3345.5,7819.6875
3120.97634,3347.375,7826.8125
3128.797816,3347.1875,7831.8125
3136.619292,3348.4375,7838.125
3144.440768,3350.3125,7844.125
3152.262244,3350.75,7850.4375
3160.08372,3353.0,7858.5625
3167.905196,3354.0625,7861.75
3175.726672,3355.0625,7865.375
3183.548148,3355.3125,7868.0
3191.369624,3355.0625,7858.0625
3199.1911,3347.875,7842.3125
3207.012576,3340.125,7809.1875
3214.834052,3329.8125,7767.125
3222.655528,3318.5,7716.0
3230.477004,3304.9375,7659.75
3238.29848,3288.6875,7599.9375
3246.119956,3275.5625,7541.125
3253.941432,3264.0625,7490.9375
3261.762908,3253.0,7442.25
3269.584384,3243.25,7398.875
3277.40586,3234.375,7364.75
3285.227336,3229.1875,7335.0625
3293.048812,3223.5625,7313.25
3300.870288,3221.6875,7292.375
3308.691764,3217.875,7278.9375
3316.51324,3215.0625,7269.375
3324.334716,3214.3125,7262.0
3332.156192,3214.0625,7256.1875
3339.977668,3213.0625,7253.9375
3347.799144,3212.375,7254.9375
3355.62062,3212.375,7252.25
3363.442096,3211.0,7256.0
3371.263572,3214.375,7257.375
3379.085048,3214.5625,7259.5625
3386.906524,3216.0,7263.0625
3394.728,3218.0625,7263.9375
3402.549476,3219.625,7270.4375
3410.370952,3219.0625,7274.5
3418.192428,3221.0,7277.5625
3426.013904,3222.0,7283.6875
3433.83538,3222.125,7290.5
3441.656856,3225.0,7298.1875
3449.478332,3227.9375,7308.5
3457.299808,3230.25,7319.125
3465.121284,3233.0,7331.625
3472.94276,3236.8125,7348.4375
3480.764236,3242.875,7361.875
3488.585712,3245.625,7379.0
3496.407188,3248.875,7396.375
3504.228664,3253.0625,7408.75
3512.05014,3255.875,7424.0625
3519.871616,3258.625,7437.4375
3527.693092,3260.375,7448.9375
3535.514568,3262.5625,7456.0
3543.336044,3264.125,7462.8125
3551.15752,3265.25,7467.3125
3558.978996,3265.875,7472.1875
3566.800472,3265.4375,7474.3125
3574.621948,3267.5,7475.8125
3582.443424,3266.9375,7478.4375
3590.2649,3268.0625,7479.4375
3598.086376,3267.5,7479.0625
3605.907852,3267.6875,7482.1875
3613.729328,3268.4375,7485.5625
3621.550804,3268.8125,7485.0
3629.37228,3270.75,7487.625
3637.193756,3270.6875,7489.0625
3645.015232,3270.6875,7492.75
3652.836708,3272.25,7498.5
3660.658184,3272.4375,7504.4375
3668.47966,3272.375,7508.1875
3676.301136,3275.5,7513.8125
3684.122612,3277.6875,7520.5
3691.944088,3279.3125,7526.375
3699.765564,3278.4375,7533.5625
3707.58704,3280.375,7539.6875
3715.408516,3283.5,7546.5625
3723.229992,3283.375,7554.3125
3731.051468,3284.625,7560.5625
3738.872944,3289.3125,7569.3125
3746.69442,3291.0,7574.75
3754.515896,3292.0625,7583.8125
3762.337372,3293.0625,7592.4375
3770.158848,3296.5625,7601.5
3777.980324,3296.5625,7608.0
3785.8018,3299.0625,7615.0
3793.623276,3300.6875,7624.3125
3801.444752,3301.5,7631.75
3809.266228,3304.8125,7639.375
3817.087704,3305.1875,7647.375
3824.90918,3306.5625,7654.0625
3832.730656,3310.375,7660.6875
3840.552132,3311.8125,7670.6875
3848.373608,3311.75,7675.75
3856.195084,3313.75,7683.625
3864.01656,3314.375,7689.125
3871.838036,3316.375,7695.125
3879.659512,3319.25,7701.8125
3887.480988,3318.875,7706.5625
3895.302464,3321.75,7713.5
3903.12394,3322.4375,7718.3125
3910.945416,3322.375,7724.125
3918.766892,3324.875,7732.25
3926.588368,3327.1875,7738.0
3934.409844,3326.25,7743.625
3942.23132,3327.625,7748.0625
3950.052796,3327.6875,7754.0625
3957.874272,3331.0,7759.4375
3965.695748,3330.9375,7764.9375
3973.517224,3332.4375,7769.625
3981.3387,3334.5,7776.125
3989.160176,3333.75,7782.625
3996.981652,3336.5,7785.8125
4004.803128,3338.5,7791.8125
4012.624604,3338.8125,7798.25
4020.44608,3341.4375,7803.875
4028.267556,3341.625,7808.4375
4036.089032,3341.9375,7814.75
4043.910508,3344.8125,7817.125
4051.731984,3345.125,7825.9375
4059.55346,3346.625,7831.5
4067.374936,3347.4375,7835.4375
4075.196412,3348.5625,7839.0625
4083.017888,3347.625,7843.625
4090.839364,3350.375,7850.6875
4098.66084,3351.3125,7856.6875
4106.482316,3351.6875,7860.4375
4114.303792,3354.5625,7864.625
4122.125268,3354.5625,7869.125
4129.946744,3355.4375,7875.0625
4137.76822,3357.1875,7879.875
4145.589696,3356.8125,7888.1875
4153.411172,3359.625,7896.125
4161.232648,3362.1875,7897.9375
4169.054124,3361.4375,7905.4375
4176.8756,3362.75,7911.875
4184.697076,3365.6875,7916.0
4192.518552,3365.0625,7923.75
4200.340028,3367.1875,7928.4375
4208.161504,3367.625,7930.375
4215.98298,3367.875,7934.0
4223.804456,3367.5625,7931.3125
4231.625932,3363.0,7917.9375
4239.447408,3359.3125,7897.1875
4247.268884,3349.125,7862.8125
4255.09036,3338.5,7819.125
4262.911836,3325.5,7767.6875
4270.733312,3311.8125,7712.125
4278.554788,3300.75,7661.3125
4286.376264,3287.1875,7608.625
4294.19774,3277.125,7560.8125
4302.019216,3267.6875,7518.375
4309.840692,3259.6875,7482.75
4317.662168,3254.5,7455.5625
4325.483644,3246.4375,7432.4375
4333.30512,3245.5,7416.0625
4341.126596,3243.625,7404.0
4348.948072,3241.1875,7392.8125
4356.769548,3240.3125,7388.6875
4364.591024,3239.125,7387.4375
4372.4125,3241.625,7386.9375
4380.233976,3241.75,7390.0625
4388.055452,3241.9375,7393.375
4395.876928,3244.1875,7397.1875
4403.698404,3245.25,7403.75
4411.51988,3246.8125,7410.25
4419.341356,3249.125,7414.875
4427.162832,3250.6875,7422.9375
4434.984308,3251.375,7428.1875
4442.805784,3255.5,7438.125
4450.62726,3256.5625,7446.4375
4458.448736,3257.8125,7456.75
4466.270212,3262.0625,7469.5625
4474.091688,3265.1875,7480.4375
4481.913164,3268.4375,7495.0
4489.73464,3272.1875,7510.8125
4497.556116,3273.9375,7527.875
4505.377592,3277.9375,7539.0
4513.199068,3280.5,7553.375
4521.020544,3284.125,7563.9375
4528.84202,3286.375,7576.0625
4536.663496,3287.6875,7583.25
4544.484972,3288.875,7586.875
4552.306448,3290.125,7594.5625
4560.127924,3290.25,7596.9375
4567.9494,3289.0,7594.4375
4575.770876,3289.8125,7596.8125
4583.592352,3288.625,7592.3125
4591.413828,3288.875,7587.6875
4599.235304,3287.625,7588.125
4607.05678,3287.125,7587.3125
4614.878256,3286.25,7584.3125
4622.699732,3286.5,7582.625
4630.521208,3286.375,7583.25
4638.342684,3284.5,7583.0
4646.16416,3286.625,7584.875
4653.985636,3286.6875,7585.875
4661.807112,3286.25,7588.625
4669.628588,3289.75,7591.0
4677.450064,3287.8125,7595.1875
4685.27154,3288.375,7597.5625
4693.093016,3290.0625,7603.125
4700.914492,3289.75,7609.25
4708.735968,3293.375,7612.75
4716.557444,3294.625,7618.125
4724.37892,3295.1875,7620.75
4732.200396,3295.5625,7628.1875
4740.021872,3297.5625,7634.75
4747.843348,3298.1875,7639.9375
4755.664824,3299.25,7649.0625
4763.4863,3302.25,7653.75
4771.307776,3302.4375,7658.9375
4779.129252,3302.8125,7666.0
4786.950728,3304.1875,7670.625
4794.772204,3306.9375,7678.6875
4802.59368,3308.9375,7685.5625
4810.415156,3308.0625,7691.3125
4818.236632,3312.0625,7699.125
4826.058108,3312.625,7706.3125
4833.879584,3313.875,7711.1875
4841.70106,3315.9375,7718.75
4849.522536,3317.875,7726.25
4857.344012,3318.5625,7730.75
4865.165488,3319.1875,7738.3125
4872.986964,3321.5,7744.8125
4880.80844,3322.5625,7748.5625
4888.629916,3323.9375,7759.125
4896.451392,3323.1875,7759.5
4904.272868,3324.8125,7764.8125
4912.094344,3326.9375,7773.9375
4919.91582,3327.375,7778.0
4927.737296,3328.9375,7781.0625
4935.558772,3330.375,7786.625
4943.380248,3329.6875,7793.375
4951.201724,3332.375,7796.625
4959.0232,3333.5,7802.5
4966.844676,3334.25,7805.25
4974.666152,3335.9375,7810.8125
4982.487628,3335.9375,7813.8125
4990.309104,3336.3125,7820.1875
4998.13058,3337.375,7824.8125
5005.952056,3337.75,7826.4375
5013.773532,3339.1875,7830.1875
5021.595008,3341.0,7835.375
5029.416484,3339.9375,7839.875
5037.23796,3342.875,7846.3125
5045.059436,3344.3125,7852.0
5052.880912,3346.1875,7854.4375
5060.702388,3344.8125,7862.25
5068.523864,3347.125,7865.3125
5076.34534,3349.25,7872.75
5084.166816,3349.4375,7879.125
5091.988292,3351.625,7881.75
5099.809768,3350.4375,7886.6875
5107.631244,3352.6875,7892.0
5115.45272,3352.5,7895.4375
5123.274196,3354.125,7897.1875
5131.095672,3352.75,7893.5625
5138.917148,3348.9375,7880.75
5146.738624,3344.0,7857.4375
5154.5601,3335.25,7828.9375
5162.381576,3324.0625,7786.5625
5170.203052,3314.875,7739.5
5178.024528,3300.8125,7687.875
5185.846004,3288.625,7638.6875
5193.66748,3278.25,7591.625
5201.488956,3269.8125,7547.5625
5209.310432,3258.625,7510.4375
5217.131908,3253.8125,7480.875
5224.953384,3247.625,7453.75
5232.77486,3244.4375,7432.875
5240.596336,3239.5,7419.5
5248.417812,3236.8125,7406.3125
5256.239288,3237.375,7399.8125
5264.060764,3235.3125,7396.375
5271.88224,3235.5625,7395.8125
5279.703716,3237.8125,7394.5
5287.525192,3237.5625,7396.25
5295.346668,3238.25,7400.5
5303.168144,3240.6875,7405.4375
5310.98962,3241.75,7409.875
5318.811096,3242.3125,7416.5625
5326.632572,3242.9375,7422.75
5334.454048,3245.625,7428.8125
5342.275524,3247.4375,7435.8125
5350.097,3248.5625,7443.3125
5357.919234,3251.3125,7450.875
5365.741428,3254.75,7459.625
5373.563622,3255.1875,7473.125
5381.385816,3257.9375,7486.125
5389.20801,3262.625,7501.1875
5397.030204,3266.5625,7514.5
5404.852398,3269.125,7528.1875
5412.674592,3274.125,7544.25
5420.496786,3277.625,7556.1875
5428.31898,3279.0,7567.625
5436.141174,3280.0625,7576.0
5443.963368,3281.375,7586.5625
5451.785562,3283.5,7590.1875
5459.607756,3283.6875,7593.0
5467.42995,3282.375,7595.4375
5475.252144,3283.25,7594.75
5483.074338,3281.9375,7593.0625
5490.896532,3282.25,7590.3125
5498.718726,3280.0625,7585.875
5506.54092,3280.625,7585.6875
5514.363114,3281.5,7580.375
5522.185308,3278.3125,7578.25
5530.007502,3277.6875,7579.125
5537.829696,3279.6875,7576.6875
5545.65189,3278.1875,7574.5
5553.474084,3277.875,7577.625
5561.296278,3278.8125,7580.125
5569.118472,3281.125,7582.5625
5576.940666,3280.875,7583.75
5584.76286,3279.875,7587.5
5592.585054,3282.1875,7591.875
5600.407248,3282.625,7595.875
5608.229442,3283.75,7601.75
5616.051636,3285.5625,7606.875
5623.87383,3287.25,7612.375
5631.696024,3288.5625,7617.0
5639.518218,3289.4375,7622.375
5647.340412,3292.4375,7629.5625
5655.162606,3291.5625,7635.375
5662.9848,3292.4375,7641.3125
5670.806994,3294.0625,7648.0625
5678.629188,3295.6875,7651.6875
5686.451382,3297.5,7659.125
5694.273576,3299.5,7665.6875
5702.09577,3299.875,7672.0625
5709.917964,3302.8125,7681.5625
5717.740158,3302.4375,7686.875
5725.562352,3303.5625,7690.9375
5733.384546,3305.6875,7701.5
5741.20674,3306.875,7706.75
5749.028934,3307.5625,7713.125
5756.851128,3311.375,7719.9375
5764.673322,3310.875,7724.6875
5772.495516,3312.625,7731.9375
5780.31771,3312.5,7736.3125
5788.139904,3313.3125,7740.1875
5795.962098,3315.3125,7744.6875
5803.784292,3314.5625,7751.5625
5811.606486,3318.625,7755.875
5819.42868,3317.25,7761.3125
5827.250874,3319.5,7764.25
5835.073068,3320.5,7768.625
5842.895262,3320.4375,7772.5
5850.717456,3321.4375,7776.5
5858.53965,3322.375,7781.6875
5866.361844,3321.8125,7782.4375
5874.184038,3324.6875,7790.0
5882.006232,3325.5,7792.125
5889.828426,3325.9375,7797.6875
5897.65062,3327.6875,7803.0
5905.472814,3328.0625,7805.4375
5913.295008,3330.1875,7813.875
5921.117202,3328.9375,7818.375
5928.939396,3332.125,7821.25
5936.76159,3332.375,7826.375
5944.583784,3333.625,7832.5
5952.405978,3335.3125,7837.0
5960.228172,3335.0625,7841.6875
5968.050366,3334.4375,7835.875
5975.87256,3331.75,7828.25
5983.694754,3326.875,7808.3125
5991.516948,3320.375,7781.25
5999.339142,3310.5625,7737.875
6007.161336,3297.0625,7692.4375
6014.98353,3287.5625,7645.5625
6022.805724,3274.625,7594.25
6030.627918,3263.4375,7547.625
6038.450112,3253.9375,7504.6875
6046.272306,3245.875,7466.375
6054.0945,3238.625,7434.875
6061.916694,3232.25,7408.75
6069.738888,3228.8125,7387.625
6077.561082,3224.875,7370.125
6085.383276,3222.1875,7358.375
6093.20547,3220.5625,7348.6875
6101.027664,3222.0,7343.75
6108.849858,3219.375,7341.25
6116.672052,3219.4375,7339.1875
6124.494246,3220.3125,7341.5625
6132.31644,3222.3125,7344.4375
6140.138634,3222.1875,7346.125
6147.960828,3224.1875,7350.9375
6155.783022,3224.375,7353.8125
6163.605216,3226.75,7357.6875
6171.42741,3227.5,7361.3125
6179.249604,3229.75,7368.875
6187.071798,3230.125,7376.625
6194.893992,3231.375,7379.6875
6202.716186,3233.5625,7387.375
6210.53838,3234.8125,7397.125
6218.360574,3239.5625,7406.9375
6226.182768,3241.0,7417.5625
6234.004962,3243.3125,7428.6875
6241.827156,3248.1875,7444.4375
6249.64935,3249.8125,7459.0625
6257.471544,3252.9375,7473.6875
6265.293738,3259.9375,7486.25
6273.115932,3260.375,7499.4375
6280.938126,3261.25,7509.0625
6288.76032,3265.375,7519.4375
6296.582514,3265.625,7528.875
6304.404708,3267.375,7528.4375
6312.226902,3267.9375,7530.8125
6320.049096,3267.625,7529.9375
6327.87129,3267.0625,7532.125
6335.693484,3266.4375,7527.5
6343.515678,3266.0625,7524.0
6351.337872,3266.25,7521.75
6359.160066,3264.4375,7519.625
6366.98226,3263.1875,7516.5
6374.804454,3262.25,7515.8125
6382.626648,3262.4375,7515.8125
6390.448842,3262.9375,7515.4375
6398.271036,3262.75,7516.75
6406.09323,3263.1875,7519.125
6413.915424,3264.875,7522.1875
6421.737618,3266.75,7527.6875
6429.559812,3264.4375,7530.0625
6437.382006,3268.4375,7535.125
6445.2042,3268.8125,7543.3125
6453.026394,3270.875,7546.4375
6460.848588,3272.4375,7552.5
6468.670782,3274.875,7559.75
6476.492976,3275.5625,7567.0625
6484.31517,3276.125,7571.375
6492.137364,3277.6875,7580.6875
6499.959558,3280.3125,7587.0
6507.781752,3281.3125,7592.3125
6515.603946,3281.1875,7598.5625
6523.42614,3284.0625,7608.0
6531.248334,3285.5,7614.5
6539.070528,3286.0,7619.875
6546.892722,3289.25,7626.0625
6554.714916,3290.1875,7635.3125
6562.53711,3292.375,7642.5
6570.359304,3294.1875,7649.6875
6578.181498,3295.4375,7656.75
6586.003692,3296.0625,7663.25
6593.825886,3298.125,7669.125
6601.64808,3297.9375,7672.9375
6609.470274,3299.9375,7681.6875
6617.292468,3302.5625,7687.4375
6625.114662,3304.375,7692.5
6632.936856,3306.0,7697.375
6640.75905,3306.875,7702.6875
6648.581244,3306.0,7707.875
6656.403438,3307.9375,7712.6875
6664.225632,3309.75,7718.6875
6672.047826,3309.3125,7723.1875
6679.87002,3310.0625,7730.0
6687.692214,3313.0625,7733.0625
6695.514408,3312.0,7739.375
6703.336602,3312.125,7742.375
6711.158796,3314.6875,7746.8125
6718.98099,3317.75,7753.4375
6726.803184,3316.125,7758.0625
6734.625378,3318.0625,7764.375
6742.447572,3319.0625,7768.875
6750.269766,3321.625,7772.625
6758.09196,3321.0625,7779.625
6765.914154,3322.9375,7785.1875
6773.736348,3324.0625,7789.5
6781.558542,3325.625,7795.0
6789.380736,3325.625,7799.6875
6797.20293,3327.9375,7800.875
6805.025124,3324.4375,7797.1875
6812.847318,3322.25,7784.9375
6820.669512,3316.6875,7761.5
6828.491706,3306.9375,7728.25
6836.3139,3297.9375,7684.8125
6844.136094,3284.875,7635.5
6851.958288,3273.8125,7583.0625
6859.780482,3261.25,7535.75
6867.602676,3249.0625,7486.1875
6875.42487,3241.0625,7445.1875
6883.247064,3232.3125,7404.875
6891.069258,3223.8125,7372.0
6898.891452,3220.5625,7348.5
6906.713646,3215.0,7326.125
6914.53584,3213.125,7310.875
6922.358034,3211.4375,7299.875
6930.180228,3209.0,7291.5625
6938.002422,3208.125,7285.8125
6945.824616,3207.4375,7281.1875
6953.64681,3209.375,7280.0
6961.469004,3207.25,7280.375
6969.291198,3207.5625,7280.25
6977.113392,3209.75,7283.25
6984.935586,3210.6875,7284.5625
6992.75778,3211.75,7285.6875
7000.579974,3211.9375,7290.5625
7008.402168,3214.0,7293.375
7016.224362,3214.625,7296.9375
7024.046556,3215.9375,7303.25
7031.86875,3215.25,7305.6875
7039.690944,3217.5625,7310.0625
7047.513138,3218.0,7315.3125
7055.335332,3221.4375,7322.3125
7063.157526,3223.3125,7333.9375
7070.97972,3225.125,7342.6875
7078.801914,3230.3125,7355.1875
7086.624108,3232.875,7370.0625
7094.446302,3235.6875,7383.8125
7102.268496,3241.375,7398.25
7110.09069,3243.875,7414.875
7117.912884,3247.125,7428.4375
7125.735078,3250.625,7438.4375
7133.557272,3252.25,7448.75
7141.379466,3252.6875,7456.1875
7149.20166,3254.375,7461.5
7157.023854,3254.6875,7466.875
7164.846048,3255.6875,7464.0625
7172.668242,3257.0625,7465.5625
7180.490436,3254.4375,7464.875
7188.31263,3253.6875,7461.5
7196.134824,3254.375,7462.0625
7203.957018,3253.3125,7456.8125
7211.779212,3254.0,7459.375
7219.601406,3254.375,7458.0
7227.4236,3251.25,7459.375
7235.245794,3252.0625,7459.0
7243.067988,3254.8125,7461.625
7250.890182,3254.25,7462.5
7258.712376,3254.4375,7466.375
7266.53457,3256.25,7471.875
7274.356764,3255.9375,7476.5
7282.178958,3259.9375,7482.8125
7290.001152,3259.6875,7487.9375
7297.823346,3262.8125,7494.625
7305.64554,3263.875,7502.0625
7313.467734,3265.9375,7507.875
7321.289928,3266.0625,7517.0625
7329.112122,3269.75,7524.25
7336.934316,3271.375,7530.5
7344.75651,3271.3125,7538.4375
7352.578704,3274.9375,7548.5
7360.400898,3275.25,7555.25
7368.223092,3278.125,7562.25
7376.045286,3279.3125,7570.8125
7383.86748,3281.75,7578.375
7391.689674,3282.75,7587.8125
7399.511868,3284.5,7595.0
7407.334062,3285.5,7601.375
7415.156256,3287.8125,7609.8125
7422.97845,3289.0,7617.5
7430.800644,3292.0,7624.9375
7438.622838,3293.25,7632.125
7446.445032,3294.4375,7638.5
7454.267226,3297.4375,7647.25
7462.08942,3299.1875,7651.4375
7469.911614,3299.1875,7657.8125
7477.733808,3301.25,7666.0625
7485.556002,3303.0,7671.375
7493.378196,3303.6875,7677.125
7501.20039,3304.875,7683.75
7509.022584,3305.4375,7691.0625
7516.844778,3307.4375,7695.0625
7524.666972,3310.25,7700.6875
7532.489166,3312.0,7705.9375
7540.31136,3311.25,7708.75
7548.133554,3313.25,7716.375
7555.955748,3313.875,7722.5625
7563.777942,3315.75,7726.0625
7571.600136,3317.0,7731.3125
7579.42233,3316.5,7736.875
7587.244524,3317.25,7741.3125
7595.066718,3319.0,7744.5625
7602.888912,3319.75,7749.375
7610.711106,3321.5,7756.25
7618.5333,3322.625,7761.6875
7626.355494,3325.75,7765.1875
7634.177688,3324.375,7773.4375
7641.999882,3327.0,7777.125
7649.822076,3328.125,7784.3125
7657.64427,3331.0625,7791.25
7665.466464,3329.5625,7794.1875
7673.288658,3332.375,7804.75
7681.110852,3334.125,7805.3125
7688.933046,3333.9375,7808.1875
7696.75524,3332.625,7804.3125
7704.577434,3327.5,7789.375
7712.399628,3322.125,7763.75
7720.221822,3311.1875,7724.125
7728.044016,3301.0625,7676.875
7735.86621,3290.625,7624.375
7743.688404,3277.5625,7569.5625
7751.510598,3263.625,7517.3125
7759.332792,3253.5,7465.0
7767.154986,3243.875,7421.875
7774.97718,3234.1875,7384.3125
7782.799374,3228.125,7352.25
7790.621568,3222.0625,7324.875
7798.443762,3218.625,7301.5
7806.265956,3213.25,7286.1875
7814.08815,3212.8125,7273.125
7821.910344,3209.75,7261.25
7829.732538,3209.9375,7255.375
7837.554732,3209.8125,7251.1875
7845.376926,3208.3125,7246.0625
7853.19912,3209.625,7243.0625
7861.021314,3208.8125,7242.8125
7868.843508,3208.3125,7240.5
7876.665702,3209.9375,7242.4375
7884.487896,3209.25,7244.125
7892.31009,3210.6875,7245.25
7900.132284,3210.6875,7246.9375
7907.954478,3213.125,7250.875
7915.776672,3212.875,7253.6875
7923.598866,3215.25,7255.1875
7931.42106,3217.0625,7258.875
7939.243254,3217.25,7263.5625
7947.065448,3219.6875,7269.875
7954.887642,3221.0625,7275.1875
7962.709836,3221.0625,7283.25
7970.53203,3224.625,7292.3125
7978.354224,3228.0625,7304.75
7986.176418,3229.75,7318.4375
7993.998612,3235.75,7333.875
8001.820806,3237.375,7349.125
8009.643,3242.0,7363.125
8017.465234,3245.875,7379.75
8025.287428,3248.8125,7394.1875
8033.109622,3251.25,7404.5
8040.931816,3254.625,7416.625
8048.75401,3256.25,7423.1875
8056.576204,3258.25,7429.4375
8064.398398,3258.4375,7437.0
8072.220592,3258.4375,7439.125
8080.042786,3259.375,7443.75
8087.86498,3260.9375,7447.1875
8095.687174,3259.0,7446.125
8103.509368,3260.0,7446.1875
8111.331562,3259.75,7446.9375
8119.153756,3261.3125,7446.625
8126.97595,3261.875,7451.1875
8134.798144,3263.125,7454.3125
8142.620338,3261.6875,7455.125
8150.442532,3262.75,7458.5
8158.264726,3263.75,7462.0
8166.08692,3263.6875,7466.8125
8173.909114,3266.4375,7470.125
8181.731308,3266.875,7476.75
8189.553502,3270.4375,7483.25
8197.375696,3269.0625,7488.625
8205.19789,3270.625,7494.3125
8213.020084,3273.375,7502.4375
8220.842278,3274.375,7511.375
8228.664472,3276.6875,7521.1875
8236.486666,3278.0,7527.9375
8244.30886,3279.25,7535.75
8252.131054,3282.875,7543.3125
8259.953248,3286.625,7550.3125
8267.775442,3286.9375,7560.1875
8275.597636,3289.5,7570.25
8283.41983,3291.0,7578.4375
8291.242024,3294.375,7587.3125
8299.064218,3292.9375,7594.0
8306.886412,3296.5625,7605.0
8314.708606,3296.1875,7609.875
8322.5308,3301.9375,7617.9375
8330.352994,3302.625,7626.1875
8338.175188,3302.5625,7633.625
8345.997382,3306.5,7643.4375
8353.819576,3307.1875,7648.25
8361.64177,3308.875,7655.625
8369.463964,3310.8125,7665.1875
8377.286158,3312.4375,7671.4375
8385.108352,3313.875,7676.3125
8392.930546,3314.5,7683.5625
8400.75274,3316.4375,7688.875
8408.574934,3317.1875,7696.875
8416.397128,3318.5625,7702.1875
8424.219322,3318.9375,7708.1875
8432.041516,3322.5625,7715.1875
8439.86371,3322.1875,7722.6875
8447.685904,3325.125,7726.9375
8455.508098,3326.3125,7733.0625
8463.330292,3327.4375,7737.9375
8471.152486,3329.9375,7744.4375
8478.97468,3330.625,7751.375
8486.796874,3331.5,7755.4375
8494.619068,3334.0625,7763.5
8502.441262,3334.0625,7768.0
8510.263456,3335.9375,7772.9375
8518.08565,3336.0625,7779.9375
8525.907844,3338.3125,7785.0
8533.730038,3338.75,7791.25
8541.552232,3340.5,7795.6875
8549.374426,3342.8125,7799.25
8557.19662,3343.3125,7804.8125
8565.018814,3345.25,7812.125
8572.841008,3345.75,7813.125
8580.663202,3345.75,7820.8125
8588.485396,3347.6875,7828.0625
8596.30759,3349.9375,7829.9375
8604.129784,3349.625,7836.0625
8611.951978,3350.125,7841.25
8619.774172,3352.6875,7846.75
8627.596366,3353.9375,7853.8125
